1000000001,1,Student,1 Student
1000000002,2,Student,2 Student
1000000003,3,Student,3 Student
1000000004,4,Student,4 Student
1000000005,5,Student,5 Student
1000000006,6,Student,6 Student
1000000007,7,Student,7 Student
1000000008,8,Student,8 Student
1000000009,9,Student,9 Student
1000000010,10,Student,10 Student
1000000011,11,Student,11 Student
1000000012,12,Student,12 Student
1000000013,13,Student,13 Student
1000000014,14,Student,14 Student
1000000015,15,Student,15 Student
1000000016,16,Student,16 Student
1000000017,17,Student,17 Student
1000000018,18,Student,18 Student
1000000019,19,Student,19 Student
1000000020,20,Student,20 Student
1000000021,21,Student,21 Student
1000000022,22,Student,22 Student
1000000023,23,Student,23 Student
1000000024,24,Student,24 Student
1000000025,25,Student,25 Student
1000000026,26,Student,26 Student
1000000027,27,Student,27 Student
1000000028,28,Student,28 Student
1000000029,29,Student,29 Student
1000000030,30,Student,30 Student
1000000031,31,Student,31 Student
1000000032,32,Student,32 Student
1000000033,33,Student,33 Student
1000000034,34,Student,34 Student
1000000035,35,Student,35 Student
1000000036,36,Student,36 Student
1000000037,37,Student,37 Student
1000000038,38,Student,38 Student
1000000039,39,Student,39 Student
1000000040,40,Student,40 Student
1000000041,41,Student,41 Student
1000000042,42,Student,42 Student
1000000043,43,Student,43 Student
1000000044,44,Student,44 Student
1000000045,45,Student,45 Student
1000000046,46,Student,46 Student
1000000047,47,Student,47 Student
1000000048,48,Student,48 Student
1000000049,49,Student,49 Student
1000000050,50,Student,50 Student
1000000051,51,Student,51 Student
1000000052,test,zzzz,test zzzz
1000000053,test,yyy,test yyy
1000000054,test,xxx,test xxx